{
  "env_name": "rddl_cartpole_discrete",
  "final_improvement_vs_random": 7.31573736804882,
  "final_logged_point": {
    "agent_steps": 52428800.0,
    "episode_return": 145.00230407714844,
    "score": 145.00230407714844
  },
  "log_path": "/home/tommaso/Dev/rddl2puffer/third_party/pufferlib/logs_timeoutfix_generated_train/rddl_cartpole_discrete/1776541627336.json",
  "num_points": 14,
  "peak_improvement_vs_random": 8.414375415494565,
  "peak_logged_point": {
    "agent_steps": 38010880.0,
    "episode_return": 166.77796936035156,
    "score": 166.77796936035156
  },
  "random_baseline": {
    "episodes": 50000,
    "max_return": 141.0,
    "mean_length": 19.8206,
    "mean_return": 19.8206,
    "min_return": 7.0,
    "quantile_05": 8.0,
    "quantile_25": 11.0,
    "quantile_50": 16.0,
    "quantile_75": 25.0,
    "quantile_95": 44.0,
    "seed": 123,
    "stdev_return": 12.156187545443679
  }
}