agent_steps,score,episode_return
4718592,62.329483,61.329483
5636096,195.696091,194.696091
5636096,194.396576,193.396576
5636096,194.396576,193.396576
