agent_steps,score,episode_return
4325376,58.552422,57.552422
5636096,193.764404,192.764404
5636096,194.396576,193.396576
5636096,194.396576,193.396576
