{
  "episodes": 50000,
  "max_return": 69.0,
  "mean_length": 10.69746,
  "mean_return": 9.69746,
  "min_return": 4.0,
  "quantile_05": 4.0,
  "quantile_25": 6.0,
  "quantile_50": 8.0,
  "quantile_75": 12.0,
  "quantile_95": 21.0,
  "seed": 123,
  "stdev_return": 5.657632857335301
}