{
  "env_name": "rddl_cartpole_discrete",
  "final_improvement_vs_random": 0.98052413304774,
  "final_logged_point": {
    "agent_steps": 4980736.0,
    "episode_return": 9.508593559265137,
    "score": 9.508593559265137
  },
  "log_path": "/home/tommaso/Dev/rddl2puffer/third_party/pufferlib/logs/rddl_cartpole_discrete/1776560855818.json",
  "num_points": 3,
  "peak_improvement_vs_random": 0.98052413304774,
  "peak_logged_point": {
    "agent_steps": 4980736.0,
    "episode_return": 9.508593559265137,
    "score": 9.508593559265137
  },
  "random_baseline": {
    "episodes": 50000,
    "max_return": 69.0,
    "mean_length": 10.69746,
    "mean_return": 9.69746,
    "min_return": 4.0,
    "quantile_05": 4.0,
    "quantile_25": 6.0,
    "quantile_50": 8.0,
    "quantile_75": 12.0,
    "quantile_95": 21.0,
    "seed": 123,
    "stdev_return": 5.657632857335301
  }
}