agent_steps,score,episode_return
4980736,9.268806,9.268806
4980736,9.508594,9.508594
4980736,9.508594,9.508594
